function,time,selected_module
configureVirtualMachines,2024-03-15T09:04:09,CardiovascularAssessmentTool
restoreArchivedData,2024-02-23T13:46:26,CardiovascularAssessmentTool
analyzeServerPerformance,2024-10-02T22:33:02,CardiovascularAssessmentTool
verifyDataIntegrity,2024-02-23T19:22:05,CardiovascularAssessmentTool
monitorNetworkLatency,2024-11-29T16:58:46,CardiovascularAssessmentTool
simulateLoadBalancing,2024-04-19T07:05:05,CardiovascularAssessmentTool
monitorNetworkLatency,2024-05-09T19:52:28,CardiovascularAssessmentTool
makeBooleanOperationsToFibulaSurgicalGuideBase,2024-12-14T19:32:31,CardiovascularAssessmentTool
validateUserPermissions,2024-10-06T05:51:47,CardiovascularAssessmentTool
deploySoftwareUpdates,2024-04-05T22:30:20,NeuralNetworkDiagnostics
cleanTemporaryFiles,2024-12-27T18:50:10,NeuralNetworkDiagnostics
verifyDataIntegrity,2024-01-23T22:26:53,NeuralNetworkDiagnostics
monitorNetworkLatency,2024-02-16T19:09:38,NeuralNetworkDiagnostics
optimizeDatabaseQueries,2024-09-23T05:17:47,NeuralNetworkDiagnostics
reportSystemHealthStatus,2024-04-02T21:58:17,NeuralNetworkDiagnostics
calculateOptimalPathways,2024-02-10T12:05:13,NeuralNetworkDiagnostics
monitorNetworkLatency,2024-06-05T17:16:22,OrthopedicProcedureSimulator
reportSystemHealthStatus,2024-10-03T03:27:07,OrthopedicProcedureSimulator
scheduleSystemBackups,2024-01-04T05:56:04,OrthopedicProcedureSimulator
makeBooleanOperationsToFibulaSurgicalGuideBase,2024-05-25T22:55:00,OrthopedicProcedureSimulator
onGenerateFibulaPlanesTimerTimeout,2024-04-22T04:17:36,OrthopedicProcedureSimulator
makeBooleanOperationsToFibulaSurgicalGuideBase,2024-12-07T07:45:00,OrthopedicProcedureSimulator
archiveOldLogFiles,2024-07-10T13:44:43,OrthopedicProcedureSimulator
analyzeServerPerformance,2024-02-25T17:44:47,OrthopedicProcedureSimulator
verifyDataIntegrity,2024-10-04T23:30:04,PediatricCareAssistant
reportSystemHealthStatus,2024-06-28T21:32:27,PediatricCareAssistant
configureVirtualMachines,2024-12-03T03:46:29,PediatricCareAssistant
onGenerateFibulaPlanesTimerTimeout,2024-03-09T13:06:43,PediatricCareAssistant
initializeSystemDiagnostics,2024-03-12T20:54:02,OphthalmologyVisionAnalyzer
configureVirtualMachines,2024-01-29T21:44:43,OphthalmologyVisionAnalyzer
restoreArchivedData,2024-08-26T14:21:02,OphthalmologyVisionAnalyzer
calculateOptimalPathways,2024-03-19T23:52:32,GastrointestinalTracker
cleanTemporaryFiles,2024-10-06T19:10:18,GastrointestinalTracker
scheduleSystemBackups,2024-04-16T09:01:03,GastrointestinalTracker
configureVirtualMachines,2024-12-20T10:09:13,GastrointestinalTracker
monitorNetworkLatency,2024-06-27T11:35:51,GastrointestinalTracker
cleanTemporaryFiles,2024-07-26T10:54:41,GastrointestinalTracker
sendFunctionCountToServer,2024-10-17T22:32:32,GastrointestinalTracker
optimizeDatabaseQueries,2024-10-15T14:11:51,EndocrineHealthMonitor
reportSystemHealthStatus,2024-08-20T07:11:27,EndocrineHealthMonitor
updateFirmwareVersions,2024-02-12T06:52:10,EndocrineHealthMonitor
validateUserPermissions,2024-10-17T05:13:10,EndocrineHealthMonitor
configureVirtualMachines,2024-02-16T16:46:06,EndocrineHealthMonitor
validateUserPermissions,2024-02-02T18:40:37,PulmonaryFunctionTester
validateUserPermissions,2024-06-16T18:23:34,PulmonaryFunctionTester
scheduleSystemBackups,2024-12-17T05:36:13,PulmonaryFunctionTester
manageResourceAllocation,2024-09-27T04:12:46,PulmonaryFunctionTester
restoreArchivedData,2024-09-23T13:43:48,PulmonaryFunctionTester
onGenerateFibulaPlanesTimerTimeout,2024-09-09T16:12:54,PulmonaryFunctionTester
simulateLoadBalancing,2024-05-11T20:16:52,DermatologyTreatmentPlanner
verifyDataIntegrity,2024-12-22T00:31:03,DermatologyTreatmentPlanner
archiveOldLogFiles,2024-06-03T20:45:39,DermatologyTreatmentPlanner
sendFunctionCountToServer,2024-07-13T05:21:32,DermatologyTreatmentPlanner
initializeSystemDiagnostics,2024-08-30T23:42:56,DermatologyTreatmentPlanner
initializeSystemDiagnostics,2024-10-01T08:50:04,DermatologyTreatmentPlanner
auditSecurityCompliance,2024-06-26T06:31:13,DermatologyTreatmentPlanner
optimizeDatabaseQueries,2024-01-23T19:31:59,DermatologyTreatmentPlanner
cleanTemporaryFiles,2024-06-27T03:14:55,DermatologyTreatmentPlanner
onGenerateFibulaPlanesTimerTimeout,2024-01-16T16:15:03,DermatologyTreatmentPlanner
reportSystemHealthStatus,2024-06-13T13:20:48,NeurosurgeryNavigationSystem
reportSystemHealthStatus,2024-06-26T15:56:07,NeurosurgeryNavigationSystem
generateEncryptionKeys,2024-11-09T21:12:32,NeurosurgeryNavigationSystem
makeBooleanOperationsToFibulaSurgicalGuideBase,2024-07-08T03:52:06,NeurosurgeryNavigationSystem
configureVirtualMachines,2024-03-24T16:00:46,HematologyAnalyzer
generateEncryptionKeys,2024-12-27T01:46:01,HematologyAnalyzer
auditSecurityCompliance,2024-11-28T08:17:12,HematologyAnalyzer
reportSystemHealthStatus,2024-02-25T14:55:01,HematologyAnalyzer
deploySoftwareUpdates,2024-11-28T15:34:18,HematologyAnalyzer
configureVirtualMachines,2024-11-11T16:09:16,HematologyAnalyzer
scheduleSystemBackups,2024-05-07T20:02:27,HematologyAnalyzer
calculateOptimalPathways,2024-09-05T09:35:52,HematologyAnalyzer
archiveOldLogFiles,2024-06-10T08:41:25,InfectiousDiseaseMapper
scheduleSystemBackups,2024-05-29T00:30:39,InfectiousDiseaseMapper
analyzeServerPerformance,2024-01-07T09:01:51,InfectiousDiseaseMapper
restoreArchivedData,2024-03-21T15:24:31,InfectiousDiseaseMapper
configureVirtualMachines,2024-05-13T15:49:16,InfectiousDiseaseMapper
validateUserPermissions,2024-05-28T13:29:39,InfectiousDiseaseMapper
monitorNetworkLatency,2024-02-11T00:01:04,InfectiousDiseaseMapper
updateFirmwareVersions,2024-08-31T10:24:16,RadiologyImagingCenter
validateUserPermissions,2024-11-30T02:57:39,RadiologyImagingCenter
scheduleSystemBackups,2024-07-22T13:31:59,UrologyManagementSystem
archiveOldLogFiles,2024-03-11T13:44:00,UrologyManagementSystem
cleanTemporaryFiles,2024-10-24T04:08:25,UrologyManagementSystem
monitorNetworkLatency,2024-11-23T00:16:23,ObstetricsLaborTracker
restoreArchivedData,2024-10-17T11:43:02,GeneticDisorderExplorer
deploySoftwareUpdates,2024-09-03T15:12:01,GeneticDisorderExplorer
cleanTemporaryFiles,2024-05-29T15:28:53,GeneticDisorderExplorer
initializeSystemDiagnostics,2024-02-17T02:24:57,GeneticDisorderExplorer
deploySoftwareUpdates,2024-06-13T22:27:36,GeneticDisorderExplorer
initializeSystemDiagnostics,2024-12-04T03:04:55,ImmunologyResponseEvaluator
archiveOldLogFiles,2024-12-07T16:40:08,ImmunologyResponseEvaluator
makeBooleanOperationsToFibulaSurgicalGuideBase,2024-12-01T01:52:55,ImmunologyResponseEvaluator
auditSecurityCompliance,2024-05-02T11:07:57,ImmunologyResponseEvaluator
monitorNetworkLatency,2024-11-15T14:48:30,ImmunologyResponseEvaluator
deploySoftwareUpdates,2024-09-27T03:58:37,ImmunologyResponseEvaluator
scheduleSystemBackups,2024-09-23T12:33:19,ImmunologyResponseEvaluator
calculateOptimalPathways,2024-09-22T22:25:40,ImmunologyResponseEvaluator
calculateOptimalPathways,2024-12-12T23:14:21,ImmunologyResponseEvaluator
optimizeDatabaseQueries,2024-02-29T08:43:18,OncologyTreatmentOptimizer
reportSystemHealthStatus,2024-09-20T01:21:08,OncologyTreatmentOptimizer
updateFirmwareVersions,2024-05-01T16:50:24,OncologyTreatmentOptimizer
makeBooleanOperationsToFibulaSurgicalGuideBase,2024-03-28T05:04:35,OncologyTreatmentOptimizer
makeBooleanOperationsToFibulaSurgicalGuideBase,2024-11-23T03:05:30,OncologyTreatmentOptimizer
deploySoftwareUpdates,2024-03-23T09:26:51,OncologyTreatmentOptimizer
reportSystemHealthStatus,2024-11-18T20:36:58,OncologyTreatmentOptimizer
calculateOptimalPathways,2024-03-19T18:46:31,OncologyTreatmentOptimizer
onGenerateFibulaPlanesTimerTimeout,2024-10-08T12:08:30,OncologyTreatmentOptimizer
calculateOptimalPathways,2024-11-25T16:38:36,OncologyTreatmentOptimizer
archiveOldLogFiles,2024-02-19T20:22:34,EmergencyResponseCoordinator
validateUserPermissions,2024-09-06T09:30:57,EmergencyResponseCoordinator
onGenerateFibulaPlanesTimerTimeout,2024-01-31T18:44:13,EmergencyResponseCoordinator
onGenerateFibulaPlanesTimerTimeout,2024-09-22T11:20:33,EmergencyResponseCoordinator
archiveOldLogFiles,2024-09-08T09:07:16,EmergencyResponseCoordinator
generateEncryptionKeys,2024-04-19T14:27:33,EmergencyResponseCoordinator
archiveOldLogFiles,2024-04-18T00:19:39,EmergencyResponseCoordinator
initializeSystemDiagnostics,2024-10-18T10:04:15,EmergencyResponseCoordinator
optimizeDatabaseQueries,2024-03-04T09:47:49,MentalHealthTherapyAssistant
sendFunctionCountToServer,2024-05-05T10:15:35,RehabilitationExercisePlanner
archiveOldLogFiles,2024-12-31T06:48:12,RehabilitationExercisePlanner
generateEncryptionKeys,2024-05-17T23:55:44,RehabilitationExercisePlanner
updateFirmwareVersions,2024-07-08T06:09:31,RehabilitationExercisePlanner
archiveOldLogFiles,2024-03-19T05:51:25,RehabilitationExercisePlanner
scheduleSystemBackups,2024-10-19T15:49:30,RehabilitationExercisePlanner
auditSecurityCompliance,2024-09-13T03:59:50,RehabilitationExercisePlanner
calculateOptimalPathways,2024-10-18T02:26:00,RehabilitationExercisePlanner
simulateLoadBalancing,2024-01-12T01:52:45,RehabilitationExercisePlanner
validateUserPermissions,2024-04-10T01:01:18,PainManagementAdvisor
makeBooleanOperationsToFibulaSurgicalGuideBase,2024-07-11T20:15:25,PainManagementAdvisor
makeBooleanOperationsToFibulaSurgicalGuideBase,2024-08-31T18:40:28,PainManagementAdvisor
archiveOldLogFiles,2024-10-20T12:13:29,PainManagementAdvisor
deploySoftwareUpdates,2024-04-01T11:15:08,SleepDisorderAnalyzer
cleanTemporaryFiles,2024-02-06T23:54:44,AllergyReactionTracker
archiveOldLogFiles,2024-03-15T01:18:34,AllergyReactionTracker
sendFunctionCountToServer,2024-04-07T13:56:57,AllergyReactionTracker
initializeSystemDiagnostics,2024-10-27T09:24:36,AllergyReactionTracker
cleanTemporaryFiles,2024-11-19T23:31:41,AllergyReactionTracker
validateUserPermissions,2024-01-18T08:42:51,DentalHealthProfiler
validateUserPermissions,2024-03-18T10:20:45,DentalHealthProfiler
updateFirmwareVersions,2024-04-22T14:31:55,DentalHealthProfiler
scheduleSystemBackups,2024-07-19T17:31:27,DentalHealthProfiler
generateEncryptionKeys,2024-01-27T05:11:22,DentalHealthProfiler
analyzeServerPerformance,2024-07-12T02:05:13,NutritionAndDietPlanner
sendFunctionCountToServer,2024-01-10T19:04:35,NutritionAndDietPlanner
auditSecurityCompliance,2024-07-03T07:56:40,NutritionAndDietPlanner
restoreArchivedData,2024-08-11T20:38:46,NutritionAndDietPlanner
calculateOptimalPathways,2024-02-27T04:33:49,NutritionAndDietPlanner
sendFunctionCountToServer,2024-01-21T10:20:19,FitnessAndWellnessGuide
restoreArchivedData,2024-11-23T21:25:08,FitnessAndWellnessGuide
onGenerateFibulaPlanesTimerTimeout,2024-01-04T04:02:57,FitnessAndWellnessGuide
optimizeDatabaseQueries,2024-06-10T21:39:25,FitnessAndWellnessGuide
scheduleSystemBackups,2024-11-14T14:17:54,FitnessAndWellnessGuide
onGenerateFibulaPlanesTimerTimeout,2024-11-10T05:34:51,FitnessAndWellnessGuide
configureVirtualMachines,2024-05-18T01:08:25,BloodPressureRegulator
scheduleSystemBackups,2024-10-01T10:28:52,BloodPressureRegulator
auditSecurityCompliance,2024-10-19T15:13:45,BloodPressureRegulator
optimizeDatabaseQueries,2024-10-31T18:12:31,BloodPressureRegulator
cleanTemporaryFiles,2024-01-29T00:49:30,BloodPressureRegulator
auditSecurityCompliance,2024-03-14T20:05:07,BloodPressureRegulator
simulateLoadBalancing,2024-02-22T09:11:40,BloodPressureRegulator
validateUserPermissions,2024-03-04T04:23:03,DiabetesCareManager
validateUserPermissions,2024-11-07T17:42:31,WoundCareToolkit
restoreArchivedData,2024-12-23T15:38:57,WoundCareToolkit
makeBooleanOperationsToFibulaSurgicalGuideBase,2024-02-08T01:59:20,WoundCareToolkit
configureVirtualMachines,2024-09-04T04:22:33,WoundCareToolkit
monitorNetworkLatency,2024-07-23T15:16:56,WoundCareToolkit
trackApplicationDependencies,2024-11-17T20:28:59,WoundCareToolkit
makeBooleanOperationsToFibulaSurgicalGuideBase,2024-12-22T02:39:19,WoundCareToolkit
makeBooleanOperationsToFibulaSurgicalGuideBase,2024-03-15T19:34:08,WoundCareToolkit
auditSecurityCompliance,2024-11-26T04:22:15,WoundCareToolkit
validateUserPermissions,2024-12-03T13:27:11,SubstanceAbuseCounselor
analyzeServerPerformance,2024-08-09T14:06:55,SubstanceAbuseCounselor
verifyDataIntegrity,2024-04-24T00:36:50,SubstanceAbuseCounselor
reportSystemHealthStatus,2024-03-05T16:08:14,GeriatricCarePlanner
validateUserPermissions,2024-12-30T00:55:46,GeriatricCarePlanner
sendFunctionCountToServer,2024-05-31T13:39:25,GeriatricCarePlanner
deploySoftwareUpdates,2024-02-06T19:01:41,GeriatricCarePlanner
simulateLoadBalancing,2024-04-23T10:37:20,GeriatricCarePlanner
trackApplicationDependencies,2024-12-29T06:11:35,ENTProcedureGuide
initializeSystemDiagnostics,2024-06-29T03:33:19,ENTProcedureGuide
manageResourceAllocation,2024-05-01T15:14:52,ENTProcedureGuide
generateEncryptionKeys,2024-08-11T02:34:02,ENTProcedureGuide
optimizeDatabaseQueries,2024-10-23T17:55:31,ENTProcedureGuide
analyzeServerPerformance,2024-12-31T22:09:18,ENTProcedureGuide
manageResourceAllocation,2024-02-24T11:27:38,FertilityAndIVFHelper
archiveOldLogFiles,2024-07-02T07:48:13,FertilityAndIVFHelper
configureVirtualMachines,2024-09-15T11:29:15,FertilityAndIVFHelper
optimizeDatabaseQueries,2024-11-04T10:24:16,FertilityAndIVFHelper
initializeSystemDiagnostics,2024-10-31T17:09:03,FertilityAndIVFHelper
generateEncryptionKeys,2024-01-15T09:53:13,FertilityAndIVFHelper
manageResourceAllocation,2024-08-11T20:34:18,FertilityAndIVFHelper
manageResourceAllocation,2024-10-17T03:22:15,FertilityAndIVFHelper
monitorNetworkLatency,2024-06-30T20:32:00,FertilityAndIVFHelper
restoreArchivedData,2024-10-07T09:13:44,SportsInjuryPreventor
trackApplicationDependencies,2024-06-23T23:12:52,SportsInjuryPreventor
archiveOldLogFiles,2024-12-16T12:15:16,SportsInjuryPreventor
manageResourceAllocation,2024-06-01T21:41:03,PharmacyInventoryManager
auditSecurityCompliance,2024-09-14T12:17:46,PharmacyInventoryManager
scheduleSystemBackups,2024-11-09T22:52:49,PharmacyInventoryManager
generateEncryptionKeys,2024-08-29T22:38:23,PharmacyInventoryManager
deploySoftwareUpdates,2024-12-10T10:28:41,PharmacyInventoryManager
sendFunctionCountToServer,2024-10-16T21:59:09,PharmacyInventoryManager
cleanTemporaryFiles,2024-01-06T12:02:06,PharmacyInventoryManager
archiveOldLogFiles,2024-12-17T07:38:52,PharmacyInventoryManager
analyzeServerPerformance,2024-04-08T21:09:56,PatientEngagementHub
scheduleSystemBackups,2024-11-02T23:47:49,PatientEngagementHub
scheduleSystemBackups,2024-02-12T16:42:29,PatientEngagementHub
scheduleSystemBackups,2024-10-06T16:34:34,PatientEngagementHub
validateUserPermissions,2024-11-28T08:25:32,PatientEngagementHub
auditSecurityCompliance,2024-09-11T14:17:18,PatientEngagementHub
makeBooleanOperationsToFibulaSurgicalGuideBase,2024-09-18T12:52:10,PatientEngagementHub
onGenerateFibulaPlanesTimerTimeout,2024-11-08T06:47:00,PatientEngagementHub
validateUserPermissions,2024-04-01T13:53:11,PatientEngagementHub
cleanTemporaryFiles,2024-06-07T22:18:44,SurgicalInstrumentTracker
archiveOldLogFiles,2024-06-15T18:06:20,SurgicalInstrumentTracker
deploySoftwareUpdates,2024-07-15T10:27:39,SurgicalInstrumentTracker
scheduleSystemBackups,2024-09-17T11:53:55,SurgicalInstrumentTracker
simulateLoadBalancing,2024-09-22T22:05:06,SurgicalInstrumentTracker
makeBooleanOperationsToFibulaSurgicalGuideBase,2024-06-30T20:36:24,HealthcareComplianceMonitor
generateEncryptionKeys,2024-09-10T02:23:04,HealthcareComplianceMonitor
generateEncryptionKeys,2024-09-27T06:23:51,HealthcareComplianceMonitor
restoreArchivedData,2024-11-06T16:28:32,HealthcareComplianceMonitor
reportSystemHealthStatus,2024-02-09T15:36:03,HealthcareComplianceMonitor
monitorNetworkLatency,2024-06-09T05:54:13,MedicalResearchDatabase
verifyDataIntegrity,2024-01-06T02:06:26,TelemedicineConsultationPortal
sendFunctionCountToServer,2024-03-26T13:57:53,TelemedicineConsultationPortal
verifyDataIntegrity,2024-06-28T11:02:16,TelemedicineConsultationPortal
trackApplicationDependencies,2024-04-11T00:47:10,TelemedicineConsultationPortal
configureVirtualMachines,2024-01-13T11:19:39,TelemedicineConsultationPortal
simulateLoadBalancing,2024-11-04T05:05:59,VaccineAdministrationLog
onGenerateFibulaPlanesTimerTimeout,2024-10-04T11:34:29,VaccineAdministrationLog
monitorNetworkLatency,2024-09-10T04:37:34,VaccineAdministrationLog
manageResourceAllocation,2024-08-27T10:05:19,VaccineAdministrationLog
cleanTemporaryFiles,2024-02-21T16:09:46,VaccineAdministrationLog
onGenerateFibulaPlanesTimerTimeout,2024-12-03T19:30:24,VaccineAdministrationLog
verifyDataIntegrity,2024-07-09T09:14:35,AmbulanceDispatchSystem
reportSystemHealthStatus,2024-03-23T18:15:53,MedicalWasteManagement
cleanTemporaryFiles,2024-06-25T05:51:02,MedicalWasteManagement
generateEncryptionKeys,2024-12-22T15:27:51,MedicalWasteManagement
auditSecurityCompliance,2024-07-01T23:17:46,MedicalWasteManagement
verifyDataIntegrity,2024-11-22T19:21:57,MedicalWasteManagement
initializeSystemDiagnostics,2024-11-14T08:18:48,MedicalWasteManagement
monitorNetworkLatency,2024-05-06T05:37:13,MedicalWasteManagement
calculateOptimalPathways,2024-07-16T10:10:56,MedicalWasteManagement
updateFirmwareVersions,2024-04-25T16:33:46,MedicalWasteManagement
manageResourceAllocation,2024-05-16T23:42:52,HospitalRoomAllocationSystem
cleanTemporaryFiles,2024-05-12T23:43:38,HospitalRoomAllocationSystem
initializeSystemDiagnostics,2024-04-11T06:59:42,HospitalRoomAllocationSystem
makeBooleanOperationsToFibulaSurgicalGuideBase,2024-02-22T09:50:16,HospitalRoomAllocationSystem
updateFirmwareVersions,2024-03-15T04:58:32,HospitalRoomAllocationSystem
cleanTemporaryFiles,2024-10-25T16:13:32,HospitalRoomAllocationSystem
generateEncryptionKeys,2024-06-14T12:08:27,HospitalRoomAllocationSystem
reportSystemHealthStatus,2024-11-13T20:53:39,HospitalRoomAllocationSystem
monitorNetworkLatency,2024-03-29T02:22:39,HospitalRoomAllocationSystem
analyzeServerPerformance,2024-02-16T19:51:23,HospitalRoomAllocationSystem
simulateLoadBalancing,2024-07-18T16:49:46,PatientFeedbackAnalyzer
calculateOptimalPathways,2024-11-01T17:46:22,PatientFeedbackAnalyzer
updateFirmwareVersions,2024-08-03T05:03:21,MedicalBillingAndCoding
verifyDataIntegrity,2024-12-05T21:29:27,MedicalBillingAndCoding
onGenerateFibulaPlanesTimerTimeout,2024-09-22T06:10:44,MedicalBillingAndCoding
deploySoftwareUpdates,2024-07-21T03:39:59,MedicalBillingAndCoding
archiveOldLogFiles,2024-03-17T12:41:10,MedicalBillingAndCoding
archiveOldLogFiles,2024-01-21T09:29:04,MedicalBillingAndCoding
initializeSystemDiagnostics,2024-02-19T01:24:28,MedicalBillingAndCoding
optimizeDatabaseQueries,2024-10-31T22:01:42,MedicalBillingAndCoding
cleanTemporaryFiles,2024-11-25T10:57:09,MedicalBillingAndCoding
analyzeServerPerformance,2024-04-08T19:24:25,MedicalBillingAndCoding
calculateOptimalPathways,2024-04-06T20:37:59,HealthcarePolicyLibrary
archiveOldLogFiles,2024-09-27T21:27:44,HealthcarePolicyLibrary
scheduleSystemBackups,2024-11-22T22:38:45,ClinicalTrialManager
monitorNetworkLatency,2024-11-14T13:22:24,ClinicalTrialManager
reportSystemHealthStatus,2024-03-26T01:51:48,MedicalEducationSimulator
makeBooleanOperationsToFibulaSurgicalGuideBase,2024-05-28T17:50:29,MedicalEducationSimulator
configureVirtualMachines,2024-02-24T04:23:24,MedicalEducationSimulator
deploySoftwareUpdates,2024-01-16T11:01:44,MedicalEducationSimulator
